software	sensitivity	specificity	matthew_coefficient
1	carna	0.599118493097864	0.604580704866199	0.590779478676641
2	dot_high	0.459819601341713	0.47233465705363	0.450478968269268
3	dot_low	0.539115678260199	0.55397077195959	0.533155124546927
4	foldalign	0.609027830316131	0.616258269965646	0.602118037596017
5	locarna	0.614137371322821	0.620202259320662	0.606666114045572
